spec,learner,n,treated_share,ate,se,ci_low,ci_high,auc,p01,p05,p50,p95,p99
Core,Linear,4699,0.3468823153862524,0.7726460211277059,0.055090737031491976,0.6646681765459816,0.8806238657094301,0.8141770965143219,0.014389257670351612,0.026618947739095615,0.30741228530632864,0.8109234748746369,0.9046972690313198
Core,GBM,4699,0.3468823153862524,0.7206424775625234,0.05525435335180713,0.6123439449929815,0.8289410101320653,0.8223611535901265,0.02339597763427238,0.031849023206153446,0.2929326062058701,0.8194661851800131,0.8835455145137295
Core plus,Linear,4699,0.3468823153862524,0.7610960992741407,0.05834548988620066,0.6467389390971874,0.875453259451094,0.8159128390575057,0.013011957166115981,0.02481927834836355,0.3053556425022458,0.8180617013958325,0.9103361767129337
Core plus,GBM,4699,0.3468823153862524,0.7103430555785494,0.055594385430643864,0.6013780601344874,0.8193080510226114,0.8268382419084972,0.02206672282630105,0.0321652898520956,0.2934357303262966,0.8190722895483924,0.8904774588058881
Extended,Linear,4699,0.3468823153862524,0.708790400109552,0.05436816660585338,0.6022287935620794,0.8153520066570246,0.8287929762697228,0.002104006498169973,0.006470829354554816,0.31120093823885664,0.8251049757164237,0.9113298941087817
Extended,GBM,4699,0.3468823153862524,0.6690072652835984,0.04950713947238744,0.5719732719177191,0.7660412586494778,0.8442681315430178,0.00982999555149834,0.01775919584850932,0.29334334493576814,0.8252894977912304,0.9074247222866136
