edu,n,label,share
0,243,Illiterate,5.171313045328794
1,589,Primary,12.534581825920409
2,1463,Junior high,31.1342838901894
3,774,High school,16.471589699936157
4,702,College,14.939348797616514
5,824,Bachelor,17.535645882102575
6,91,Master,1.9365822515428814
7,13,Doctorate,0.2766546073632688
