job,n,mean_wage,mean_lnwage,share
0.0,265,33066.249056603774,9.42506320842403,5.639497765482018
1.0,4434,62239.34866937303,10.552798156176792,94.36050223451798
