group,coef,se,lower,upper,pvalue,nobs,rsq
Women,0.11037104447526697,0.009358261774685125,0.09202885139688412,0.1287132375536498,4.193067954040972e-32,1996.0,0.15472056062629336
Men,0.06684925727934649,0.006906363105015636,0.053312785593515835,0.08038572896517714,3.6897563920882788e-22,2703.0,0.14499071592598933
Non-rural hukou,0.148196180548409,0.020064734308176558,0.10886930130438294,0.18752305979243505,1.5142220276216034e-13,962.0,0.14416609099483513
Rural hukou,0.07708238041593361,0.006589330999768007,0.06416729165638832,0.0899974691754789,1.3040268495552825e-31,3737.0,0.128491512898411
