group,coef,se,lower,upper,pvalue,nobs,rsq
Women,0.11037104797971024,0.009358261877289246,0.09202885470022332,0.12871324125919717,4.1930557439024805e-32,1996.0,0.15472056599386907
Men,0.06684925822162438,0.006906363147403476,0.05331278645271357,0.0803857299905352,3.6897536122678356e-22,2703.0,0.14499072008307978
Non-rural hukou,0.14819618827508832,0.020064734336688247,0.10886930897517935,0.1875230675749973,1.5142177640162778e-13,962.0,0.14416609815535208
Rural hukou,0.07708238108775226,0.0065893310649998895,0.06416729220035247,0.08999746997515204,1.3040270623662378e-31,3737.0,0.12849151700850436
