bandwidth,n,first_stage,first_stage_f,iv_beta,iv_se
5,1280,-0.034357267321772245,0.005831555203241527,1.1830427267123014,14.9117003996145
7,1844,0.19903975590890566,0.2915917672819578,0.4525869886711007,0.9407016468965533
9,2462,-0.06523812740391555,0.03962624458779123,0.1819274825975299,1.799771485796339
12,3277,0.10721637425715297,0.14857046037275085,-0.943871125462465,2.811613468394365
15,3933,0.3806409428046663,2.3016475172771016,-0.16494601853264612,0.28871061254458874
20,4596,1.2934357574795208,32.63406777345134,0.041109025830792234,0.06358459898354843
