bandwidth,n,first_stage,first_stage_f,iv_beta,iv_se
5,1280,-0.07427809369215632,0.02754790073549755,0.5195194706902839,3.2702550829928523
7,1844,0.19609839209852697,0.28678901527403355,0.45885890623321757,0.9571971209786756
9,2462,-0.04806148640465685,0.021779627043862503,0.20908462640363723,2.499576068392186
12,3277,0.12690858616706074,0.210602670646469,-0.7815577042783843,2.0356763415385624
15,3933,0.39765420685734043,2.5371272638381286,-0.15310837025936053,0.2721152586904755
20,4596,1.2985274298687064,33.224467557711996,0.04139746425607882,0.06334627055217364
