model,coef,se,lower,upper,pvalue,nobs,rsq
M1,0.0995784393438959,0.005173459748126151,0.08943845823756864,0.10971842045022316,1.4689045090958045e-82,4699.0,0.07733608153733473
M2,0.09593617961416298,0.0062954698644889385,0.08359705867976466,0.1082753005485613,1.9505959103058155e-52,4699.0,0.12717553656834757
M3,0.08817756314666449,0.006178005054854948,0.07606867323914879,0.10028645305418019,3.2323179419856914e-46,4699.0,0.15774181602572523
Alt. income,0.07277767579551422,0.003001355982343346,0.06689501807012127,0.07866033352090718,6.896745802365672e-130,4699.0,0.33950960347198533
Positive wage,0.07882697038437514,0.0036782005863095187,0.07161769723520849,0.08603624353354179,6.890846768561706e-102,4638.0,0.2969975294946764
