model,coef,se,lower,upper,pvalue,nobs,rsq
M1,0.09957843934389363,0.005173459748126035,0.0894384582375666,0.10971842045022065,1.468904509096014e-82,4699.0,0.0773360815373364
M2,0.09593617961415876,0.006295469864488784,0.08359705867976075,0.10827530054855677,1.9505959103146676e-52,4699.0,0.12717553656834946
M3,0.08817756314666529,0.006178005054855034,0.07606867323914943,0.10028645305418116,3.2323179419889223e-46,4699.0,0.157741816025725
Alt. income,0.07277767579551658,0.0030013559823435093,0.06689501807012331,0.07866033352090986,6.896745802455597e-130,4699.0,0.339509603471985
Positive wage,0.07882697038437517,0.00367820058630944,0.07161769723520867,0.08603624353354167,6.890846768492617e-102,4638.0,0.2969975294946755
