model,coef,se,lower,upper,pvalue,nobs,rsq
"Years, basic controls",0.08817756498614288,0.006178005109093364,0.07606867497231988,0.10028645499996587,3.2323099478600783e-46,4699.0,0.15774182104315793
"Years, rich controls",0.08250106283019845,0.006511536173186163,0.06973845193075356,0.09526367372964334,8.6731458384859e-37,4637.0,0.16300743447605204
"College, basic controls",0.7380584160276233,0.0501831191149225,0.6396995025623753,0.8364173294928714,5.7866846501884714e-49,4699.0,0.15354586205499976
"College, rich controls",0.6935087084170509,0.05089180781702705,0.5937607650956779,0.793256651738424,2.7627418239920887e-42,4637.0,0.16167687199580694
Winsorized wage,0.7290746925098192,0.04993139662730656,0.6312091551202983,0.82694022989934,2.7462009039542324e-48,4699.0,0.15181855231520425
Positive wage only,0.6420375808200871,0.02997587059044587,0.5832848744628132,0.700790287177361,8.987421559270565e-102,4638.0,0.28538718422783527
