{
  "n": 4699,
  "main_educ_coef": 0.08817756314666529,
  "main_educ_se_hc1": 0.006178005054855034,
  "main_r2": 0.157741816025725,
  "positive_wage_coef": 0.07882697038437517,
  "alt_income_coef": 0.07277767579551658
}