{
  "n": 4699,
  "main_educ_coef": 0.08817756314666449,
  "main_educ_se_hc1": 0.006178005054854948,
  "main_r2": 0.15774181602572523,
  "positive_wage_coef": 0.07882697038437514,
  "alt_income_coef": 0.07277767579551422,
  "heterogeneity": [
    {
      "group": "Women",
      "coef": 0.11037104447526697,
      "se": 0.009358261774685125,
      "lower": 0.09202885139688412,
      "upper": 0.1287132375536498,
      "pvalue": 4.193067954040972e-32,
      "nobs": 1996.0,
      "rsq": 0.15472056062629336
    },
    {
      "group": "Men",
      "coef": 0.06684925727934649,
      "se": 0.006906363105015636,
      "lower": 0.053312785593515835,
      "upper": 0.08038572896517714,
      "pvalue": 3.6897563920882788e-22,
      "nobs": 2703.0,
      "rsq": 0.14499071592598933
    },
    {
      "group": "Non-rural hukou",
      "coef": 0.148196180548409,
      "se": 0.020064734308176558,
      "lower": 0.10886930130438294,
      "upper": 0.18752305979243505,
      "pvalue": 1.5142220276216034e-13,
      "nobs": 962.0,
      "rsq": 0.14416609099483513
    },
    {
      "group": "Rural hukou",
      "coef": 0.07708238041593361,
      "se": 0.006589330999768007,
      "lower": 0.06416729165638832,
      "upper": 0.0899974691754789,
      "pvalue": 1.3040268495552825e-31,
      "nobs": 3737.0,
      "rsq": 0.128491512898411
    }
  ]
}